Date,Company_Name,Close_Price
2019-08-01,Wahed FTSE USA Shariah ETF,22.9271297454834
2019-09-01,Wahed FTSE USA Shariah ETF,23.65843772888184
2019-10-01,Wahed FTSE USA Shariah ETF,24.153221130371094
2019-11-01,Wahed FTSE USA Shariah ETF,25.25846290588379
2019-12-01,Wahed FTSE USA Shariah ETF,26.201717376708984
2020-01-01,Wahed FTSE USA Shariah ETF,26.06634521484375
2020-02-01,Wahed FTSE USA Shariah ETF,23.5783634185791
2020-03-01,Wahed FTSE USA Shariah ETF,20.67891502380371
2020-04-01,Wahed FTSE USA Shariah ETF,23.67254638671875
2020-05-01,Wahed FTSE USA Shariah ETF,25.02421760559082
2020-06-01,Wahed FTSE USA Shariah ETF,25.73466110229492
2020-07-01,Wahed FTSE USA Shariah ETF,27.539628982543945
2020-08-01,Wahed FTSE USA Shariah ETF,30.30705451965332
2020-09-01,Wahed FTSE USA Shariah ETF,28.864686965942383
2020-10-01,Wahed FTSE USA Shariah ETF,27.65695571899414
2020-11-01,Wahed FTSE USA Shariah ETF,31.165258407592773
2020-12-01,Wahed FTSE USA Shariah ETF,32.70743942260742
2021-01-01,Wahed FTSE USA Shariah ETF,33.00868225097656
2021-02-01,Wahed FTSE USA Shariah ETF,32.85566711425781
2021-03-01,Wahed FTSE USA Shariah ETF,34.20467758178711
2021-04-01,Wahed FTSE USA Shariah ETF,35.41511535644531
2021-05-01,Wahed FTSE USA Shariah ETF,35.46364212036133
2021-06-01,Wahed FTSE USA Shariah ETF,36.57006454467773
2021-07-01,Wahed FTSE USA Shariah ETF,37.700965881347656
2021-08-01,Wahed FTSE USA Shariah ETF,38.57540893554688
2021-09-01,Wahed FTSE USA Shariah ETF,36.69911193847656
2021-10-01,Wahed FTSE USA Shariah ETF,39.572078704833984
2021-11-01,Wahed FTSE USA Shariah ETF,40.12764358520508
2021-12-01,Wahed FTSE USA Shariah ETF,42.096492767333984
2022-01-01,Wahed FTSE USA Shariah ETF,40.07266616821289
2022-02-01,Wahed FTSE USA Shariah ETF,38.929683685302734
2022-03-01,Wahed FTSE USA Shariah ETF,40.624610900878906
2022-04-01,Wahed FTSE USA Shariah ETF,37.70046615600586
2022-05-01,Wahed FTSE USA Shariah ETF,37.77881622314453
2022-06-01,Wahed FTSE USA Shariah ETF,34.4200439453125
2022-07-01,Wahed FTSE USA Shariah ETF,37.801734924316406
2022-08-01,Wahed FTSE USA Shariah ETF,36.136024475097656
2022-09-01,Wahed FTSE USA Shariah ETF,32.765411376953125
2022-10-01,Wahed FTSE USA Shariah ETF,35.33690643310547
2022-11-01,Wahed FTSE USA Shariah ETF,37.10966873168945
2022-12-01,Wahed FTSE USA Shariah ETF,34.67704772949219
2023-01-01,Wahed FTSE USA Shariah ETF,36.868263244628906
2023-02-01,Wahed FTSE USA Shariah ETF,36.33479690551758
2023-03-01,Wahed FTSE USA Shariah ETF,38.498291015625
2023-04-01,Wahed FTSE USA Shariah ETF,39.20974349975586
2023-05-01,Wahed FTSE USA Shariah ETF,39.932735443115234
2023-06-01,Wahed FTSE USA Shariah ETF,42.36910629272461
2023-07-01,Wahed FTSE USA Shariah ETF,43.768924713134766
2023-08-01,Wahed FTSE USA Shariah ETF,43.07449722290039
2023-09-01,Wahed FTSE USA Shariah ETF,41.11025238037109
2023-10-01,Wahed FTSE USA Shariah ETF,40.00069427490234
2023-11-01,Wahed FTSE USA Shariah ETF,43.66328811645508
2023-12-01,Wahed FTSE USA Shariah ETF,45.12236785888672
2013-01-01,Boubyan Bank K.S.C.P.,309.9581604003906
2013-02-01,Boubyan Bank K.S.C.P.,314.7261962890625
2013-03-01,Boubyan Bank K.S.C.P.,320.4491577148437
2013-04-01,Boubyan Bank K.S.C.P.,320.4516296386719
2013-05-01,Boubyan Bank K.S.C.P.,320.4516296386719
2013-06-01,Boubyan Bank K.S.C.P.,310.4373779296875
2013-07-01,Boubyan Bank K.S.C.P.,310.4373779296875
2013-08-01,Boubyan Bank K.S.C.P.,315.44451904296875
2013-09-01,Boubyan Bank K.S.C.P.,305.4303283691406
2013-10-01,Boubyan Bank K.S.C.P.,305.4303283691406
2013-11-01,Boubyan Bank K.S.C.P.,280.3946533203125
2013-12-01,Boubyan Bank K.S.C.P.,280.3946533203125
2014-01-01,Boubyan Bank K.S.C.P.,280.3946533203125
2014-02-01,Boubyan Bank K.S.C.P.,275.38751220703125
2014-03-01,Boubyan Bank K.S.C.P.,273.2349548339844
2014-04-01,Boubyan Bank K.S.C.P.,294.6651611328125
2014-05-01,Boubyan Bank K.S.C.P.,289.30712890625
2014-06-01,Boubyan Bank K.S.C.P.,267.8768920898437
2014-07-01,Boubyan Bank K.S.C.P.,273.2349548339844
2014-08-01,Boubyan Bank K.S.C.P.,273.2349548339844
2014-09-01,Boubyan Bank K.S.C.P.,273.2349548339844
2014-10-01,Boubyan Bank K.S.C.P.,273.2349548339844
2014-11-01,Boubyan Bank K.S.C.P.,259.8412475585937
2014-12-01,Boubyan Bank K.S.C.P.,219.65936279296875
2015-01-01,Boubyan Bank K.S.C.P.,238.4110717773437
2015-02-01,Boubyan Bank K.S.C.P.,246.44667053222656
2015-03-01,Boubyan Bank K.S.C.P.,233.4549255371093
2015-04-01,Boubyan Bank K.S.C.P.,247.521224975586
2015-05-01,Boubyan Bank K.S.C.P.,247.521224975586
2015-06-01,Boubyan Bank K.S.C.P.,239.0835723876953
2015-07-01,Boubyan Bank K.S.C.P.,239.0835723876953
2015-08-01,Boubyan Bank K.S.C.P.,225.01890563964844
2015-09-01,Boubyan Bank K.S.C.P.,227.8324279785156
2015-10-01,Boubyan Bank K.S.C.P.,244.7086639404297
2015-11-01,Boubyan Bank K.S.C.P.,244.7086639404297
2015-12-01,Boubyan Bank K.S.C.P.,247.521224975586
2016-01-01,Boubyan Bank K.S.C.P.,225.01890563964844
2016-02-01,Boubyan Bank K.S.C.P.,225.01890563964844
2016-03-01,Boubyan Bank K.S.C.P.,239.0835723876953
2016-04-01,Boubyan Bank K.S.C.P.,245.133544921875
2016-05-01,Boubyan Bank K.S.C.P.,236.2728729248047
2016-06-01,Boubyan Bank K.S.C.P.,224.45974731445312
2016-07-01,Boubyan Bank K.S.C.P.,230.3668212890625
2016-08-01,Boubyan Bank K.S.C.P.,224.45974731445312
2016-09-01,Boubyan Bank K.S.C.P.,227.41326904296875
2016-10-01,Boubyan Bank K.S.C.P.,227.41326904296875
2016-11-01,Boubyan Bank K.S.C.P.,233.3193359375
2016-12-01,Boubyan Bank K.S.C.P.,233.3193359375
2017-01-01,Boubyan Bank K.S.C.P.,242.17999267578125
2017-02-01,Boubyan Bank K.S.C.P.,251.0406494140625
2017-03-01,Boubyan Bank K.S.C.P.,254.2891845703125
2017-04-01,Boubyan Bank K.S.C.P.,257.3943786621094
2017-05-01,Boubyan Bank K.S.C.P.,260.49493408203125
2017-06-01,Boubyan Bank K.S.C.P.,251.19119262695312
2017-07-01,Boubyan Bank K.S.C.P.,256.7734375
2017-08-01,Boubyan Bank K.S.C.P.,280.3421936035156
2017-09-01,Boubyan Bank K.S.C.P.,272.8992004394531
2017-10-01,Boubyan Bank K.S.C.P.,272.8992004394531
2017-11-01,Boubyan Bank K.S.C.P.,258.6342163085937
2017-12-01,Boubyan Bank K.S.C.P.,270.41851806640625
2018-01-01,Boubyan Bank K.S.C.P.,285.3044738769531
2018-02-01,Boubyan Bank K.S.C.P.,294.6072082519531
2018-03-01,Boubyan Bank K.S.C.P.,299.56951904296875
2018-04-01,Boubyan Bank K.S.C.P.,315.8503112792969
2018-05-01,Boubyan Bank K.S.C.P.,325.6240539550781
2018-06-01,Boubyan Bank K.S.C.P.,325.6240539550781
2018-07-01,Boubyan Bank K.S.C.P.,334.09002685546875
2018-08-01,Boubyan Bank K.S.C.P.,342.5569763183594
2018-09-01,Boubyan Bank K.S.C.P.,366.0010986328125
2018-10-01,Boubyan Bank K.S.C.P.,342.5569763183594
2018-11-01,Boubyan Bank K.S.C.P.,352.3248291015625
2018-12-01,Boubyan Bank K.S.C.P.,364.6992492675781
2019-01-01,Boubyan Bank K.S.C.P.,377.0727233886719
2019-02-01,Boubyan Bank K.S.C.P.,354.9304504394531
2019-03-01,Boubyan Bank K.S.C.P.,324.7511291503906
2019-04-01,Boubyan Bank K.S.C.P.,395.9374084472656
2019-05-01,Boubyan Bank K.S.C.P.,414.1552734375
2019-06-01,Boubyan Bank K.S.C.P.,420.705810546875
2019-07-01,Boubyan Bank K.S.C.P.,438.1746520996094
2019-08-01,Boubyan Bank K.S.C.P.,415.6112365722656
2019-09-01,Boubyan Bank K.S.C.P.,403.237060546875
2019-10-01,Boubyan Bank K.S.C.P.,409.0596923828125
2019-11-01,Boubyan Bank K.S.C.P.,422.1617736816406
2019-12-01,Boubyan Bank K.S.C.P.,466.5616760253906
2020-01-01,Boubyan Bank K.S.C.P.,470.9283752441406
2020-02-01,Boubyan Bank K.S.C.P.,463.64990234375
2020-03-01,Boubyan Bank K.S.C.P.,371.939208984375
2020-04-01,Boubyan Bank K.S.C.P.,382.1383666992188
2020-05-01,Boubyan Bank K.S.C.P.,388.2588195800781
2020-06-01,Boubyan Bank K.S.C.P.,406.6023559570313
2020-07-01,Boubyan Bank K.S.C.P.,405.83734130859375
2020-08-01,Boubyan Bank K.S.C.P.,441.7593078613281
2020-09-01,Boubyan Bank K.S.C.P.,454.751953125
2020-10-01,Boubyan Bank K.S.C.P.,457.04486083984375
2020-11-01,Boubyan Bank K.S.C.P.,449.402099609375
2020-12-01,Boubyan Bank K.S.C.P.,434.1165466308594
2021-01-01,Boubyan Bank K.S.C.P.,436.4094543457031
2021-02-01,Boubyan Bank K.S.C.P.,421.8878784179688
2021-03-01,Boubyan Bank K.S.C.P.,462.3946838378906
2021-04-01,Boubyan Bank K.S.C.P.,525.639892578125
2021-05-01,Boubyan Bank K.S.C.P.,538.4805297851562
2021-06-01,Boubyan Bank K.S.C.P.,587.4331665039062
2021-07-01,Boubyan Bank K.S.C.P.,642.0035400390625
2021-08-01,Boubyan Bank K.S.C.P.,628.3609619140625
2021-09-01,Boubyan Bank K.S.C.P.,616.3232421875
2021-10-01,Boubyan Bank K.S.C.P.,629.9658813476562
2021-11-01,Boubyan Bank K.S.C.P.,608.2985229492188
2021-12-01,Boubyan Bank K.S.C.P.,633.977783203125
2022-01-01,Boubyan Bank K.S.C.P.,646.8184204101562
2022-02-01,Boubyan Bank K.S.C.P.,660.4609985351562
2022-03-01,Boubyan Bank K.S.C.P.,753.5513305664062
2022-04-01,Boubyan Bank K.S.C.P.,826.6193237304688
2022-05-01,Boubyan Bank K.S.C.P.,722.660400390625
2022-06-01,Boubyan Bank K.S.C.P.,687.9511108398438
2022-07-01,Boubyan Bank K.S.C.P.,736.9000854492188
2022-08-01,Boubyan Bank K.S.C.P.,743.1298828125
2022-09-01,Boubyan Bank K.S.C.P.,680.831298828125
2022-10-01,Boubyan Bank K.S.C.P.,733.340087890625
2022-11-01,Boubyan Bank K.S.C.P.,751.138671875
2022-12-01,Boubyan Bank K.S.C.P.,710.20068359375
2023-01-01,Boubyan Bank K.S.C.P.,697.740966796875
2023-02-01,Boubyan Bank K.S.C.P.,680.831298828125
2023-03-01,Boubyan Bank K.S.C.P.,572.2538452148438
2023-04-01,Boubyan Bank K.S.C.P.,623.5696411132812
2023-05-01,Boubyan Bank K.S.C.P.,566.0293579101562
2023-06-01,Boubyan Bank K.S.C.P.,603.7648315429688
2023-07-01,Boubyan Bank K.S.C.P.,584.8970947265625
2023-08-01,Boubyan Bank K.S.C.P.,575.4631958007812
2023-09-01,Boubyan Bank K.S.C.P.,569.8032836914062
2023-10-01,Boubyan Bank K.S.C.P.,552.822509765625
2023-11-01,Boubyan Bank K.S.C.P.,549.9925537109375
2023-12-01,Boubyan Bank K.S.C.P.,566.0293579101562
2018-06-01,PT Bank Syariah Indonesia Tbk,563.9874877929688
2018-07-01,PT Bank Syariah Indonesia Tbk,526.072265625
2018-08-01,PT Bank Syariah Indonesia Tbk,606.6419067382812
2018-09-01,PT Bank Syariah Indonesia Tbk,563.9874877929688
2018-10-01,PT Bank Syariah Indonesia Tbk,507.11474609375
2018-11-01,PT Bank Syariah Indonesia Tbk,511.8541259765625
2018-12-01,PT Bank Syariah Indonesia Tbk,497.6359252929688
2019-01-01,PT Bank Syariah Indonesia Tbk,530.811767578125
2019-02-01,PT Bank Syariah Indonesia Tbk,511.8541259765625
2019-03-01,PT Bank Syariah Indonesia Tbk,502.3753967285156
2019-04-01,PT Bank Syariah Indonesia Tbk,526.072265625
2019-05-01,PT Bank Syariah Indonesia Tbk,488.1571960449219
2019-06-01,PT Bank Syariah Indonesia Tbk,479.6620788574219
2019-07-01,PT Bank Syariah Indonesia Tbk,479.6620788574219
2019-08-01,PT Bank Syariah Indonesia Tbk,412.2244567871094
2019-09-01,PT Bank Syariah Indonesia Tbk,383.7296752929688
2019-10-01,PT Bank Syariah Indonesia Tbk,366.6328125
2019-11-01,PT Bank Syariah Indonesia Tbk,300.14501953125
2019-12-01,PT Bank Syariah Indonesia Tbk,313.44256591796875
2020-01-01,PT Bank Syariah Indonesia Tbk,294.4460144042969
2020-02-01,PT Bank Syariah Indonesia Tbk,208.96170043945312
2020-03-01,PT Bank Syariah Indonesia Tbk,186.1658630371093
2020-04-01,PT Bank Syariah Indonesia Tbk,186.1658630371093
2020-05-01,PT Bank Syariah Indonesia Tbk,284.9477844238281
2020-06-01,PT Bank Syariah Indonesia Tbk,292.5463562011719
2020-07-01,PT Bank Syariah Indonesia Tbk,512.9059448242188
2020-08-01,PT Bank Syariah Indonesia Tbk,916.58203125
2020-09-01,PT Bank Syariah Indonesia Tbk,712.3694458007812
2020-10-01,PT Bank Syariah Indonesia Tbk,1173.0350341796875
2020-11-01,PT Bank Syariah Indonesia Tbk,1358.2509765625
2020-12-01,PT Bank Syariah Indonesia Tbk,2137.108154296875
2021-01-01,PT Bank Syariah Indonesia Tbk,2317.575439453125
2021-02-01,PT Bank Syariah Indonesia Tbk,2792.48828125
2021-03-01,PT Bank Syariah Indonesia Tbk,2175.101318359375
2021-04-01,PT Bank Syariah Indonesia Tbk,2165.60302734375
2021-05-01,PT Bank Syariah Indonesia Tbk,1809.41845703125
2021-06-01,PT Bank Syariah Indonesia Tbk,2184.599609375
2021-07-01,PT Bank Syariah Indonesia Tbk,2498.042236328125
2021-08-01,PT Bank Syariah Indonesia Tbk,2108.613525390625
2021-09-01,PT Bank Syariah Indonesia Tbk,1937.6448974609373
2021-10-01,PT Bank Syariah Indonesia Tbk,2004.132568359375
2021-11-01,PT Bank Syariah Indonesia Tbk,1856.90966796875
2021-12-01,PT Bank Syariah Indonesia Tbk,1690.690185546875
2022-01-01,PT Bank Syariah Indonesia Tbk,1467.4810791015625
2022-02-01,PT Bank Syariah Indonesia Tbk,1581.4600830078125
2022-03-01,PT Bank Syariah Indonesia Tbk,1524.470703125
2022-04-01,PT Bank Syariah Indonesia Tbk,1500.7249755859375
2022-05-01,PT Bank Syariah Indonesia Tbk,1367.749267578125
2022-06-01,PT Bank Syariah Indonesia Tbk,1272.7666015625
2022-07-01,PT Bank Syariah Indonesia Tbk,1572.7939453125
2022-08-01,PT Bank Syariah Indonesia Tbk,1462.16943359375
2022-09-01,PT Bank Syariah Indonesia Tbk,1414.0716552734375
2022-10-01,PT Bank Syariah Indonesia Tbk,1346.7349853515625
2022-11-01,PT Bank Syariah Indonesia Tbk,1284.2078857421875
2022-12-01,PT Bank Syariah Indonesia Tbk,1272.33544921875
2023-01-01,PT Bank Syariah Indonesia Tbk,1316.7193603515625
2023-02-01,PT Bank Syariah Indonesia Tbk,1499.18603515625
2023-03-01,PT Bank Syariah Indonesia Tbk,1656.9951171875
2023-04-01,PT Bank Syariah Indonesia Tbk,1706.3104248046875
2023-05-01,PT Bank Syariah Indonesia Tbk,1706.3104248046875
2023-06-01,PT Bank Syariah Indonesia Tbk,1675.75244140625
2023-07-01,PT Bank Syariah Indonesia Tbk,1641.047607421875
2023-08-01,PT Bank Syariah Indonesia Tbk,1695.5838623046875
2023-09-01,PT Bank Syariah Indonesia Tbk,1611.3004150390625
2023-10-01,PT Bank Syariah Indonesia Tbk,1487.354248046875
2023-11-01,PT Bank Syariah Indonesia Tbk,1641.047607421875
2023-12-01,PT Bank Syariah Indonesia Tbk,1725.3309326171875
2013-01-01,Al Rajhi Banking and Investment Corporation,16.50486946105957
2013-02-01,Al Rajhi Banking and Investment Corporation,16.32611656188965
2013-03-01,Al Rajhi Banking and Investment Corporation,15.670681953430176
2013-04-01,Al Rajhi Banking and Investment Corporation,16.206945419311523
2013-05-01,Al Rajhi Banking and Investment Corporation,16.75945281982422
2013-06-01,Al Rajhi Banking and Investment Corporation,17.6803035736084
2013-07-01,Al Rajhi Banking and Investment Corporation,18.78532600402832
2013-08-01,Al Rajhi Banking and Investment Corporation,19.10219383239746
2013-09-01,Al Rajhi Banking and Investment Corporation,19.35271453857422
2013-10-01,Al Rajhi Banking and Investment Corporation,18.28800201416016
2013-11-01,Al Rajhi Banking and Investment Corporation,18.726417541503903
2013-12-01,Al Rajhi Banking and Investment Corporation,18.28800201416016
2014-01-01,Al Rajhi Banking and Investment Corporation,17.974849700927734
2014-02-01,Al Rajhi Banking and Investment Corporation,17.912221908569336
2014-03-01,Al Rajhi Banking and Investment Corporation,18.726417541503903
2014-04-01,Al Rajhi Banking and Investment Corporation,17.504587173461914
2014-05-01,Al Rajhi Banking and Investment Corporation,18.367691040039062
2014-06-01,Al Rajhi Banking and Investment Corporation,18.57406234741211
2014-07-01,Al Rajhi Banking and Investment Corporation,18.84923553466797
2014-08-01,Al Rajhi Banking and Investment Corporation,21.718732833862305
2014-09-01,Al Rajhi Banking and Investment Corporation,19.903018951416016
2014-10-01,Al Rajhi Banking and Investment Corporation,18.296804428100582
2014-11-01,Al Rajhi Banking and Investment Corporation,16.481096267700195
2014-12-01,Al Rajhi Banking and Investment Corporation,14.31620979309082
2015-01-01,Al Rajhi Banking and Investment Corporation,15.852579116821287
2015-02-01,Al Rajhi Banking and Investment Corporation,17.5174503326416
2015-03-01,Al Rajhi Banking and Investment Corporation,16.06208610534668
2015-04-01,Al Rajhi Banking and Investment Corporation,17.708744049072266
2015-05-01,Al Rajhi Banking and Investment Corporation,18.83391571044922
2015-06-01,Al Rajhi Banking and Investment Corporation,17.21683692932129
2015-07-01,Al Rajhi Banking and Investment Corporation,18.43813133239746
2015-08-01,Al Rajhi Banking and Investment Corporation,15.284318923950195
2015-09-01,Al Rajhi Banking and Investment Corporation,15.668993949890137
2015-10-01,Al Rajhi Banking and Investment Corporation,14.69448947906494
2015-11-01,Al Rajhi Banking and Investment Corporation,14.324064254760742
2015-12-01,Al Rajhi Banking and Investment Corporation,14.842656135559082
2016-01-01,Al Rajhi Banking and Investment Corporation,14.136001586914062
2016-02-01,Al Rajhi Banking and Investment Corporation,15.375499725341797
2016-03-01,Al Rajhi Banking and Investment Corporation,14.78282070159912
2016-04-01,Al Rajhi Banking and Investment Corporation,17.523088455200195
2016-05-01,Al Rajhi Banking and Investment Corporation,16.94236946105957
2016-06-01,Al Rajhi Banking and Investment Corporation,16.913331985473633
2016-07-01,Al Rajhi Banking and Investment Corporation,16.550386428833008
2016-08-01,Al Rajhi Banking and Investment Corporation,16.617341995239258
2016-09-01,Al Rajhi Banking and Investment Corporation,15.146780967712402
2016-10-01,Al Rajhi Banking and Investment Corporation,16.690872192382812
2016-11-01,Al Rajhi Banking and Investment Corporation,18.67613410949707
2016-12-01,Al Rajhi Banking and Investment Corporation,18.5290756225586
2017-01-01,Al Rajhi Banking and Investment Corporation,19.5584659576416
2017-02-01,Al Rajhi Banking and Investment Corporation,18.89671516418457
2017-03-01,Al Rajhi Banking and Investment Corporation,18.74966049194336
2017-04-01,Al Rajhi Banking and Investment Corporation,19.038599014282227
2017-05-01,Al Rajhi Banking and Investment Corporation,18.737592697143555
2017-06-01,Al Rajhi Banking and Investment Corporation,20.85968399047852
2017-07-01,Al Rajhi Banking and Investment Corporation,18.66234588623047
2017-08-01,Al Rajhi Banking and Investment Corporation,20.51681900024414
2017-09-01,Al Rajhi Banking and Investment Corporation,20.3627872467041
2017-10-01,Al Rajhi Banking and Investment Corporation,19.80828094482422
2017-11-01,Al Rajhi Banking and Investment Corporation,19.715864181518555
2017-12-01,Al Rajhi Banking and Investment Corporation,19.90070152282715
2018-01-01,Al Rajhi Banking and Investment Corporation,22.9196891784668
2018-02-01,Al Rajhi Banking and Investment Corporation,22.519210815429688
2018-03-01,Al Rajhi Banking and Investment Corporation,23.227752685546875
2018-04-01,Al Rajhi Banking and Investment Corporation,26.78196144104004
2018-05-01,Al Rajhi Banking and Investment Corporation,27.227792739868164
2018-06-01,Al Rajhi Banking and Investment Corporation,27.482561111450195
2018-07-01,Al Rajhi Banking and Investment Corporation,28.15131568908692
2018-08-01,Al Rajhi Banking and Investment Corporation,29.33008575439453
2018-09-01,Al Rajhi Banking and Investment Corporation,30.29512023925781
2018-10-01,Al Rajhi Banking and Investment Corporation,30.157251358032227
2018-11-01,Al Rajhi Banking and Investment Corporation,29.502412796020508
2018-12-01,Al Rajhi Banking and Investment Corporation,30.157251358032227
2019-01-01,Al Rajhi Banking and Investment Corporation,34.8790283203125
2019-02-01,Al Rajhi Banking and Investment Corporation,34.603294372558594
2019-03-01,Al Rajhi Banking and Investment Corporation,36.74015426635742
2019-04-01,Al Rajhi Banking and Investment Corporation,39.767826080322266
2019-05-01,Al Rajhi Banking and Investment Corporation,37.66120529174805
2019-06-01,Al Rajhi Banking and Investment Corporation,38.15386199951172
2019-07-01,Al Rajhi Banking and Investment Corporation,37.66120529174805
2019-08-01,Al Rajhi Banking and Investment Corporation,33.831520080566406
2019-09-01,Al Rajhi Banking and Investment Corporation,35.397274017333984
2019-10-01,Al Rajhi Banking and Investment Corporation,33.775596618652344
2019-11-01,Al Rajhi Banking and Investment Corporation,34.78215026855469
2019-12-01,Al Rajhi Banking and Investment Corporation,36.57158660888672
2020-01-01,Al Rajhi Banking and Investment Corporation,37.13079452514648
2020-02-01,Al Rajhi Banking and Investment Corporation,35.117671966552734
2020-03-01,Al Rajhi Banking and Investment Corporation,30.08488845825196
2020-04-01,Al Rajhi Banking and Investment Corporation,32.88296890258789
2020-05-01,Al Rajhi Banking and Investment Corporation,33.17041015625
2020-06-01,Al Rajhi Banking and Investment Corporation,32.53804397583008
2020-07-01,Al Rajhi Banking and Investment Corporation,33.860260009765625
2020-08-01,Al Rajhi Banking and Investment Corporation,37.30952453613281
2020-09-01,Al Rajhi Banking and Investment Corporation,37.76942443847656
2020-10-01,Al Rajhi Banking and Investment Corporation,37.82691192626953
2020-11-01,Al Rajhi Banking and Investment Corporation,43.00080490112305
2020-12-01,Al Rajhi Banking and Investment Corporation,42.31095123291016
2021-01-01,Al Rajhi Banking and Investment Corporation,41.56361389160156
2021-02-01,Al Rajhi Banking and Investment Corporation,51.39400863647461
2021-03-01,Al Rajhi Banking and Investment Corporation,56.79785537719727
2021-04-01,Al Rajhi Banking and Investment Corporation,57.46083068847656
2021-05-01,Al Rajhi Banking and Investment Corporation,59.95912551879883
2021-06-01,Al Rajhi Banking and Investment Corporation,64.49092864990234
2021-07-01,Al Rajhi Banking and Investment Corporation,64.49092864990234
2021-08-01,Al Rajhi Banking and Investment Corporation,71.1924057006836
2021-09-01,Al Rajhi Banking and Investment Corporation,72.13379669189453
2021-10-01,Al Rajhi Banking and Investment Corporation,81.78301239013672
2021-11-01,Al Rajhi Banking and Investment Corporation,77.78211975097656
2021-12-01,Al Rajhi Banking and Investment Corporation,83.43045043945312
2022-01-01,Al Rajhi Banking and Investment Corporation,87.19599914550781
2022-02-01,Al Rajhi Banking and Investment Corporation,94.37406158447266
2022-03-01,Al Rajhi Banking and Investment Corporation,94.49175262451172
2022-04-01,Al Rajhi Banking and Investment Corporation,103.9056167602539
2022-05-01,Al Rajhi Banking and Investment Corporation,93.10319519042967
2022-06-01,Al Rajhi Banking and Investment Corporation,77.66444396972656
2022-07-01,Al Rajhi Banking and Investment Corporation,83.6893310546875
2022-08-01,Al Rajhi Banking and Investment Corporation,84.91313171386719
2022-09-01,Al Rajhi Banking and Investment Corporation,76.53478240966797
2022-10-01,Al Rajhi Banking and Investment Corporation,80.86516571044922
2022-11-01,Al Rajhi Banking and Investment Corporation,75.59339904785156
2022-12-01,Al Rajhi Banking and Investment Corporation,70.79231262207031
2023-01-01,Al Rajhi Banking and Investment Corporation,77.1937484741211
2023-02-01,Al Rajhi Banking and Investment Corporation,66.17952728271484
2023-03-01,Al Rajhi Banking and Investment Corporation,69.19195556640625
2023-04-01,Al Rajhi Banking and Investment Corporation,73.53907012939453
2023-05-01,Al Rajhi Banking and Investment Corporation,67.69808197021484
2023-06-01,Al Rajhi Banking and Investment Corporation,69.90042114257812
2023-07-01,Al Rajhi Banking and Investment Corporation,71.43248748779297
2023-08-01,Al Rajhi Banking and Investment Corporation,69.13439178466797
2023-09-01,Al Rajhi Banking and Investment Corporation,66.0349349975586
2023-10-01,Al Rajhi Banking and Investment Corporation,65.25690460205078
2023-11-01,Al Rajhi Banking and Investment Corporation,74.30146026611328
2023-12-01,Al Rajhi Banking and Investment Corporation,84.12403106689453
2013-01-01,Qatar Islamic Bank (Q.P.S.C.),4.5746026039123535
2013-02-01,Qatar Islamic Bank (Q.P.S.C.),4.426035404205322
2013-03-01,Qatar Islamic Bank (Q.P.S.C.),4.616691589355469
2013-04-01,Qatar Islamic Bank (Q.P.S.C.),4.492972373962402
2013-05-01,Qatar Islamic Bank (Q.P.S.C.),4.4864606857299805
2013-06-01,Qatar Islamic Bank (Q.P.S.C.),4.434368133544922
2013-07-01,Qatar Islamic Bank (Q.P.S.C.),4.4864606857299805
2013-08-01,Qatar Islamic Bank (Q.P.S.C.),4.545064926147461
2013-09-01,Qatar Islamic Bank (Q.P.S.C.),4.473437786102295
2013-10-01,Qatar Islamic Bank (Q.P.S.C.),4.408321857452393
2013-11-01,Qatar Islamic Bank (Q.P.S.C.),4.545064926147461
2013-12-01,Qatar Islamic Bank (Q.P.S.C.),4.492972373962402
2014-01-01,Qatar Islamic Bank (Q.P.S.C.),4.877153873443604
2014-02-01,Qatar Islamic Bank (Q.P.S.C.),4.92924690246582
2014-03-01,Qatar Islamic Bank (Q.P.S.C.),5.03461503982544
2014-04-01,Qatar Islamic Bank (Q.P.S.C.),5.8976922035217285
2014-05-01,Qatar Islamic Bank (Q.P.S.C.),7.527947425842285
2014-06-01,Qatar Islamic Bank (Q.P.S.C.),5.623698711395264
2014-07-01,Qatar Islamic Bank (Q.P.S.C.),7.240255355834961
2014-08-01,Qatar Islamic Bank (Q.P.S.C.),7.959486484527588
2014-09-01,Qatar Islamic Bank (Q.P.S.C.),7.726592063903809
2014-10-01,Qatar Islamic Bank (Q.P.S.C.),7.938937187194824
2014-11-01,Qatar Islamic Bank (Q.P.S.C.),6.925165176391602
2014-12-01,Qatar Islamic Bank (Q.P.S.C.),7.00051212310791
2015-01-01,Qatar Islamic Bank (Q.P.S.C.),7.05531120300293
2015-02-01,Qatar Islamic Bank (Q.P.S.C.),7.103259563446045
2015-03-01,Qatar Islamic Bank (Q.P.S.C.),7.091997623443604
2015-04-01,Qatar Islamic Bank (Q.P.S.C.),7.170480728149414
2015-05-01,Qatar Islamic Bank (Q.P.S.C.),7.605703353881836
2015-06-01,Qatar Islamic Bank (Q.P.S.C.),7.698455333709717
2015-07-01,Qatar Islamic Bank (Q.P.S.C.),7.812613487243652
2015-08-01,Qatar Islamic Bank (Q.P.S.C.),8.062332153320312
2015-09-01,Qatar Islamic Bank (Q.P.S.C.),8.155083656311035
2015-10-01,Qatar Islamic Bank (Q.P.S.C.),8.433340072631836
2015-11-01,Qatar Islamic Bank (Q.P.S.C.),8.312049865722656
2015-12-01,Qatar Islamic Bank (Q.P.S.C.),7.612839221954346
2016-01-01,Qatar Islamic Bank (Q.P.S.C.),6.278629779815674
2016-02-01,Qatar Islamic Bank (Q.P.S.C.),6.984975337982178
2016-03-01,Qatar Islamic Bank (Q.P.S.C.),7.719748497009277
2016-04-01,Qatar Islamic Bank (Q.P.S.C.),7.317368507385254
2016-05-01,Qatar Islamic Bank (Q.P.S.C.),6.892632961273193
2016-06-01,Qatar Islamic Bank (Q.P.S.C.),7.153434753417969
2016-07-01,Qatar Islamic Bank (Q.P.S.C.),7.898585319519043
2016-08-01,Qatar Islamic Bank (Q.P.S.C.),8.256257057189941
2016-09-01,Qatar Islamic Bank (Q.P.S.C.),7.824069976806641
2016-10-01,Qatar Islamic Bank (Q.P.S.C.),7.630330562591553
2016-11-01,Qatar Islamic Bank (Q.P.S.C.),7.40678596496582
2016-12-01,Qatar Islamic Bank (Q.P.S.C.),7.742102146148682
2017-01-01,Qatar Islamic Bank (Q.P.S.C.),7.913487911224365
2017-02-01,Qatar Islamic Bank (Q.P.S.C.),7.60052490234375
2017-03-01,Qatar Islamic Bank (Q.P.S.C.),7.977692604064941
2017-04-01,Qatar Islamic Bank (Q.P.S.C.),7.821725845336914
2017-05-01,Qatar Islamic Bank (Q.P.S.C.),7.969894886016846
2017-06-01,Qatar Islamic Bank (Q.P.S.C.),7.213456630706787
2017-07-01,Qatar Islamic Bank (Q.P.S.C.),7.525388717651367
2017-08-01,Qatar Islamic Bank (Q.P.S.C.),7.252448081970215
2017-09-01,Qatar Islamic Bank (Q.P.S.C.),7.10506010055542
2017-10-01,Qatar Islamic Bank (Q.P.S.C.),7.564380645751953
2017-11-01,Qatar Islamic Bank (Q.P.S.C.),7.098820686340332
2017-12-01,Qatar Islamic Bank (Q.P.S.C.),7.564380645751953
2018-01-01,Qatar Islamic Bank (Q.P.S.C.),7.650943279266357
2018-02-01,Qatar Islamic Bank (Q.P.S.C.),7.487177848815918
2018-03-01,Qatar Islamic Bank (Q.P.S.C.),7.988197326660156
2018-04-01,Qatar Islamic Bank (Q.P.S.C.),8.767354011535645
2018-05-01,Qatar Islamic Bank (Q.P.S.C.),9.404772758483888
2018-06-01,Qatar Islamic Bank (Q.P.S.C.),9.503907203674316
2018-07-01,Qatar Islamic Bank (Q.P.S.C.),10.896721839904783
2018-08-01,Qatar Islamic Bank (Q.P.S.C.),11.470232963562012
2018-09-01,Qatar Islamic Bank (Q.P.S.C.),11.584935188293455
2018-10-01,Qatar Islamic Bank (Q.P.S.C.),12.53532600402832
2018-11-01,Qatar Islamic Bank (Q.P.S.C.),12.44520378112793
2018-12-01,Qatar Islamic Bank (Q.P.S.C.),12.45339584350586
2019-01-01,Qatar Islamic Bank (Q.P.S.C.),12.944978713989258
2019-02-01,Qatar Islamic Bank (Q.P.S.C.),11.896270751953123
2019-03-01,Qatar Islamic Bank (Q.P.S.C.),12.755369186401367
2019-04-01,Qatar Islamic Bank (Q.P.S.C.),14.128371238708496
2019-05-01,Qatar Islamic Bank (Q.P.S.C.),14.162273406982422
2019-06-01,Qatar Islamic Bank (Q.P.S.C.),14.06904411315918
2019-07-01,Qatar Islamic Bank (Q.P.S.C.),13.941914558410645
2019-08-01,Qatar Islamic Bank (Q.P.S.C.),13.391018867492676
2019-09-01,Qatar Islamic Bank (Q.P.S.C.),13.221510887145996
2019-10-01,Qatar Islamic Bank (Q.P.S.C.),12.899449348449709
2019-11-01,Qatar Islamic Bank (Q.P.S.C.),12.59433650970459
2019-12-01,Qatar Islamic Bank (Q.P.S.C.),12.992676734924316
2020-01-01,Qatar Islamic Bank (Q.P.S.C.),14.153797149658203
2020-02-01,Qatar Islamic Bank (Q.P.S.C.),13.221510887145996
2020-03-01,Qatar Islamic Bank (Q.P.S.C.),12.570541381835938
2020-04-01,Qatar Islamic Bank (Q.P.S.C.),13.559728622436523
2020-05-01,Qatar Islamic Bank (Q.P.S.C.),13.332127571105955
2020-06-01,Qatar Islamic Bank (Q.P.S.C.),13.787327766418455
2020-07-01,Qatar Islamic Bank (Q.P.S.C.),14.093713760375977
2020-08-01,Qatar Islamic Bank (Q.P.S.C.),14.006175994873049
2020-09-01,Qatar Islamic Bank (Q.P.S.C.),14.443869590759276
2020-10-01,Qatar Islamic Bank (Q.P.S.C.),14.181251525878906
2020-11-01,Qatar Islamic Bank (Q.P.S.C.),14.583930015563965
2020-12-01,Qatar Islamic Bank (Q.P.S.C.),14.97785472869873
2021-01-01,Qatar Islamic Bank (Q.P.S.C.),14.452622413635254
2021-02-01,Qatar Islamic Bank (Q.P.S.C.),13.66477394104004
2021-03-01,Qatar Islamic Bank (Q.P.S.C.),14.770882606506348
2021-04-01,Qatar Islamic Bank (Q.P.S.C.),15.614422798156738
2021-05-01,Qatar Islamic Bank (Q.P.S.C.),15.524682998657228
2021-06-01,Qatar Islamic Bank (Q.P.S.C.),15.51570987701416
2021-07-01,Qatar Islamic Bank (Q.P.S.C.),15.452892303466797
2021-08-01,Qatar Islamic Bank (Q.P.S.C.),16.422061920166016
2021-09-01,Qatar Islamic Bank (Q.P.S.C.),16.377195358276367
2021-10-01,Qatar Islamic Bank (Q.P.S.C.),16.332326889038086
2021-11-01,Qatar Islamic Bank (Q.P.S.C.),15.43494701385498
2021-12-01,Qatar Islamic Bank (Q.P.S.C.),16.448984146118164
2022-01-01,Qatar Islamic Bank (Q.P.S.C.),17.588661193847656
2022-02-01,Qatar Islamic Bank (Q.P.S.C.),18.92575454711914
2022-03-01,Qatar Islamic Bank (Q.P.S.C.),22.01093292236328
2022-04-01,Qatar Islamic Bank (Q.P.S.C.),22.611061096191406
2022-05-01,Qatar Islamic Bank (Q.P.S.C.),21.373868942260746
2022-06-01,Qatar Islamic Bank (Q.P.S.C.),20.542919158935547
2022-07-01,Qatar Islamic Bank (Q.P.S.C.),24.3006591796875
2022-08-01,Qatar Islamic Bank (Q.P.S.C.),23.64513397216797
2022-09-01,Qatar Islamic Bank (Q.P.S.C.),22.804950714111328
2022-10-01,Qatar Islamic Bank (Q.P.S.C.),22.51873207092285
2022-11-01,Qatar Islamic Bank (Q.P.S.C.),22.41717529296875
2022-12-01,Qatar Islamic Bank (Q.P.S.C.),17.13602638244629
2023-01-01,Qatar Islamic Bank (Q.P.S.C.),18.160865783691406
2023-02-01,Qatar Islamic Bank (Q.P.S.C.),17.172956466674805
2023-03-01,Qatar Islamic Bank (Q.P.S.C.),16.937604904174805
2023-04-01,Qatar Islamic Bank (Q.P.S.C.),17.04239273071289
2023-05-01,Qatar Islamic Bank (Q.P.S.C.),16.689924240112305
2023-06-01,Qatar Islamic Bank (Q.P.S.C.),16.870922088623047
2023-07-01,Qatar Islamic Bank (Q.P.S.C.),20.147937774658203
2023-08-01,Qatar Islamic Bank (Q.P.S.C.),18.404640197753903
2023-09-01,Qatar Islamic Bank (Q.P.S.C.),17.680648803710938
2023-10-01,Qatar Islamic Bank (Q.P.S.C.),16.57560920715332
2023-11-01,Qatar Islamic Bank (Q.P.S.C.),18.099803924560547
2023-12-01,Qatar Islamic Bank (Q.P.S.C.),20.48135566711425
2013-01-01,"The PNC Financial Services Group, Inc.",43.26597595214844
2013-02-01,"The PNC Financial Services Group, Inc.",43.96669769287109
2013-03-01,"The PNC Financial Services Group, Inc.",46.86302185058594
2013-04-01,"The PNC Financial Services Group, Inc.",47.83552169799805
2013-05-01,"The PNC Financial Services Group, Inc.",50.817420959472656
2013-06-01,"The PNC Financial Services Group, Inc.",51.72536849975586
2013-07-01,"The PNC Financial Services Group, Inc.",53.94561767578125
2013-08-01,"The PNC Financial Services Group, Inc.",51.56850814819336
2013-09-01,"The PNC Financial Services Group, Inc.",51.69694137573242
2013-10-01,"The PNC Financial Services Group, Inc.",52.46758270263672
2013-11-01,"The PNC Financial Services Group, Inc.",55.25094985961914
2013-12-01,"The PNC Financial Services Group, Inc.",55.70331954956055
2014-01-01,"The PNC Financial Services Group, Inc.",57.3547248840332
2014-02-01,"The PNC Financial Services Group, Inc.",59.04880142211914
2014-03-01,"The PNC Financial Services Group, Inc.",62.81784057617188
2014-04-01,"The PNC Financial Services Group, Inc.",60.68063354492188
2014-05-01,"The PNC Financial Services Group, Inc.",61.93030548095703
2014-06-01,"The PNC Financial Services Group, Inc.",64.67567443847656
2014-07-01,"The PNC Financial Services Group, Inc.",59.962100982666016
2014-08-01,"The PNC Financial Services Group, Inc.",61.89238357543945
2014-09-01,"The PNC Financial Services Group, Inc.",62.49851989746094
2014-10-01,"The PNC Financial Services Group, Inc.",63.09004974365234
2014-11-01,"The PNC Financial Services Group, Inc.",64.25022888183594
2014-12-01,"The PNC Financial Services Group, Inc.",67.01210021972656
2015-01-01,"The PNC Financial Services Group, Inc.",62.09806060791016
2015-02-01,"The PNC Financial Services Group, Inc.",67.92676544189453
2015-03-01,"The PNC Financial Services Group, Inc.",68.87222290039062
2015-04-01,"The PNC Financial Services Group, Inc.",67.75685119628906
2015-05-01,"The PNC Financial Services Group, Inc.",71.06967163085938
2015-06-01,"The PNC Financial Services Group, Inc.",71.03997039794922
2015-07-01,"The PNC Financial Services Group, Inc.",72.91902160644531
2015-08-01,"The PNC Financial Services Group, Inc.",68.03585052490234
2015-09-01,"The PNC Financial Services Group, Inc.",66.60222625732422
2015-10-01,"The PNC Financial Services Group, Inc.",67.3936996459961
2015-11-01,"The PNC Financial Services Group, Inc.",71.72139739990234
2015-12-01,"The PNC Financial Services Group, Inc.",71.57121276855469
2016-01-01,"The PNC Financial Services Group, Inc.",65.06815338134766
2016-02-01,"The PNC Financial Services Group, Inc.",61.42066955566406
2016-03-01,"The PNC Financial Services Group, Inc.",63.883262634277344
2016-04-01,"The PNC Financial Services Group, Inc.",66.30805206298828
2016-05-01,"The PNC Financial Services Group, Inc.",68.20843505859375
2016-06-01,"The PNC Financial Services Group, Inc.",61.86186981201172
2016-07-01,"The PNC Financial Services Group, Inc.",62.81954193115234
2016-08-01,"The PNC Financial Services Group, Inc.",68.94392395019531
2016-09-01,"The PNC Financial Services Group, Inc.",68.93628692626953
2016-10-01,"The PNC Financial Services Group, Inc.",73.15250396728516
2016-11-01,"The PNC Financial Services Group, Inc.",85.10238647460938
2016-12-01,"The PNC Financial Services Group, Inc.",90.04498291015625
2017-01-01,"The PNC Financial Services Group, Inc.",92.73954010009766
2017-02-01,"The PNC Financial Services Group, Inc.",98.397705078125
2017-03-01,"The PNC Financial Services Group, Inc.",92.99173736572266
2017-04-01,"The PNC Financial Services Group, Inc.",92.61278533935548
2017-05-01,"The PNC Financial Services Group, Inc.",92.23048400878906
2017-06-01,"The PNC Financial Services Group, Inc.",97.02462768554688
2017-07-01,"The PNC Financial Services Group, Inc.",100.0782470703125
2017-08-01,"The PNC Financial Services Group, Inc.",98.02207946777344
2017-09-01,"The PNC Financial Services Group, Inc.",105.33795928955078
2017-10-01,"The PNC Financial Services Group, Inc.",106.91682434082033
2017-11-01,"The PNC Financial Services Group, Inc.",110.4830551147461
2017-12-01,"The PNC Financial Services Group, Inc.",113.4148941040039
2018-01-01,"The PNC Financial Services Group, Inc.",124.20697784423828
2018-02-01,"The PNC Financial Services Group, Inc.",124.53915405273438
2018-03-01,"The PNC Financial Services Group, Inc.",119.46785736083984
2018-04-01,"The PNC Financial Services Group, Inc.",115.02057647705078
2018-05-01,"The PNC Financial Services Group, Inc.",113.84268188476562
2018-06-01,"The PNC Financial Services Group, Inc.",107.24595642089844
2018-07-01,"The PNC Financial Services Group, Inc.",114.96990203857422
2018-08-01,"The PNC Financial Services Group, Inc.",114.73385620117188
2018-09-01,"The PNC Financial Services Group, Inc.",108.85891723632812
2018-10-01,"The PNC Financial Services Group, Inc.",102.70417785644533
2018-11-01,"The PNC Financial Services Group, Inc.",109.35833740234376
2018-12-01,"The PNC Financial Services Group, Inc.",94.16027069091795
2019-01-01,"The PNC Financial Services Group, Inc.",98.7994155883789
2019-02-01,"The PNC Financial Services Group, Inc.",102.2999267578125
2019-03-01,"The PNC Financial Services Group, Inc.",99.57234191894533
2019-04-01,"The PNC Financial Services Group, Inc.",111.1563949584961
2019-05-01,"The PNC Financial Services Group, Inc.",104.05144500732422
2019-06-01,"The PNC Financial Services Group, Inc.",112.24408721923828
2019-07-01,"The PNC Financial Services Group, Inc.",116.83912658691406
2019-08-01,"The PNC Financial Services Group, Inc.",106.29197692871094
2019-09-01,"The PNC Financial Services Group, Inc.",115.55018615722656
2019-10-01,"The PNC Financial Services Group, Inc.",120.94186401367188
2019-11-01,"The PNC Financial Services Group, Inc.",127.34103393554688
2019-12-01,"The PNC Financial Services Group, Inc.",132.67703247070312
2020-01-01,"The PNC Financial Services Group, Inc.",123.46784973144533
2020-02-01,"The PNC Financial Services Group, Inc.",105.84783172607422
2020-03-01,"The PNC Financial Services Group, Inc.",80.1562728881836
2020-04-01,"The PNC Financial Services Group, Inc.",89.32583618164062
2020-05-01,"The PNC Financial Services Group, Inc.",96.614501953125
2020-06-01,"The PNC Financial Services Group, Inc.",89.13372802734375
2020-07-01,"The PNC Financial Services Group, Inc.",90.37064361572266
2020-08-01,"The PNC Financial Services Group, Inc.",95.26110076904295
2020-09-01,"The PNC Financial Services Group, Inc.",94.156005859375
2020-10-01,"The PNC Financial Services Group, Inc.",95.84363555908205
2020-11-01,"The PNC Financial Services Group, Inc.",119.5312957763672
2020-12-01,"The PNC Financial Services Group, Inc.",128.9937286376953
2021-01-01,"The PNC Financial Services Group, Inc.",124.24950408935548
2021-02-01,"The PNC Financial Services Group, Inc.",146.79953002929688
2021-03-01,"The PNC Financial Services Group, Inc.",152.9467315673828
2021-04-01,"The PNC Financial Services Group, Inc.",163.00888061523438
2021-05-01,"The PNC Financial Services Group, Inc.",170.84445190429688
2021-06-01,"The PNC Financial Services Group, Inc.",167.40443420410156
2021-07-01,"The PNC Financial Services Group, Inc.",160.07675170898438
2021-08-01,"The PNC Financial Services Group, Inc.",168.82327270507812
2021-09-01,"The PNC Financial Services Group, Inc.",172.83399963378906
2021-10-01,"The PNC Financial Services Group, Inc.",186.42999267578125
2021-11-01,"The PNC Financial Services Group, Inc.",175.12046813964844
2021-12-01,"The PNC Financial Services Group, Inc.",178.24952697753906
2022-01-01,"The PNC Financial Services Group, Inc.",183.1119842529297
2022-02-01,"The PNC Financial Services Group, Inc.",178.10366821289062
2022-03-01,"The PNC Financial Services Group, Inc.",164.87442016601562
2022-04-01,"The PNC Financial Services Group, Inc.",148.4718780517578
2022-05-01,"The PNC Financial Services Group, Inc.",158.08267211914062
2022-06-01,"The PNC Financial Services Group, Inc.",142.18519592285156
2022-07-01,"The PNC Financial Services Group, Inc.",149.54815673828125
2022-08-01,"The PNC Financial Services Group, Inc.",143.7381591796875
2022-09-01,"The PNC Financial Services Group, Inc.",135.93260192871094
2022-10-01,"The PNC Financial Services Group, Inc.",147.22242736816406
2022-11-01,"The PNC Financial Services Group, Inc.",154.58790588378906
2022-12-01,"The PNC Financial Services Group, Inc.",145.1064453125
2023-01-01,"The PNC Financial Services Group, Inc.",151.98785400390625
2023-02-01,"The PNC Financial Services Group, Inc.",146.38877868652344
2023-03-01,"The PNC Financial Services Group, Inc.",117.81924438476562
2023-04-01,"The PNC Financial Services Group, Inc.",120.7392349243164
2023-05-01,"The PNC Financial Services Group, Inc.",108.71041107177734
2023-06-01,"The PNC Financial Services Group, Inc.",118.20838165283205
2023-07-01,"The PNC Financial Services Group, Inc.",128.4759521484375
2023-08-01,"The PNC Financial Services Group, Inc.",114.67878723144533
2023-09-01,"The PNC Financial Services Group, Inc.",116.61652374267578
2023-10-01,"The PNC Financial Services Group, Inc.",108.73253631591795
2023-11-01,"The PNC Financial Services Group, Inc.",128.9373321533203
2023-12-01,"The PNC Financial Services Group, Inc.",149.04409790039062
2013-01-01,U.S. Bancorp,22.67241096496582
2013-02-01,U.S. Bancorp,23.27518653869629
2013-03-01,U.S. Bancorp,23.240936279296875
2013-04-01,U.S. Bancorp,22.92849922180176
2013-05-01,U.S. Bancorp,24.15484046936035
2013-06-01,U.S. Bancorp,24.905797958374023
2013-07-01,U.S. Bancorp,25.877487182617188
2013-08-01,U.S. Bancorp,25.05234718322754
2013-09-01,U.S. Bancorp,25.3643798828125
2013-10-01,U.S. Bancorp,26.068315505981445
2013-11-01,U.S. Bancorp,27.36615753173828
2013-12-01,U.S. Bancorp,28.18951797485352
2014-01-01,U.S. Bancorp,27.88028717041016
2014-02-01,U.S. Bancorp,28.86973190307617
2014-03-01,U.S. Bancorp,30.07672500610352
2014-04-01,U.S. Bancorp,28.771289825439453
2014-05-01,U.S. Bancorp,29.76606559753418
2014-06-01,U.S. Bancorp,30.56332969665528
2014-07-01,U.S. Bancorp,29.82169342041016
2014-08-01,U.S. Bancorp,29.999080657958984
2014-09-01,U.S. Bancorp,29.67978286743164
2014-10-01,U.S. Bancorp,30.404027938842773
2014-11-01,U.S. Bancorp,31.54596710205078
2014-12-01,U.S. Bancorp,32.08125686645508
2015-01-01,U.S. Bancorp,30.07265281677246
2015-02-01,U.S. Bancorp,32.01005172729492
2015-03-01,U.S. Bancorp,31.33554077148437
2015-04-01,U.S. Bancorp,30.93675422668457
2015-05-01,U.S. Bancorp,31.10995101928711
2015-06-01,U.S. Bancorp,31.319238662719727
2015-07-01,U.S. Bancorp,32.813167572021484
2015-08-01,U.S. Bancorp,30.73739624023437
2015-09-01,U.S. Bancorp,29.76483154296875
2015-10-01,U.S. Bancorp,30.8025131225586
2015-11-01,U.S. Bancorp,32.0512580871582
2015-12-01,U.S. Bancorp,31.160343170166016
2016-01-01,U.S. Bancorp,29.42865753173828
2016-02-01,U.S. Bancorp,28.2973690032959
2016-03-01,U.S. Bancorp,29.81801986694336
2016-04-01,U.S. Bancorp,31.55847930908203
2016-05-01,U.S. Bancorp,31.65458297729492
2016-06-01,U.S. Bancorp,29.813852310180664
2016-07-01,U.S. Bancorp,31.38090133666992
2016-08-01,U.S. Bancorp,32.85431671142578
2016-09-01,U.S. Bancorp,31.91668510437012
2016-10-01,U.S. Bancorp,33.52708053588867
2016-11-01,U.S. Bancorp,37.16740798950195
2016-12-01,U.S. Bancorp,38.47824096679688
2017-01-01,U.S. Bancorp,39.64923477172852
2017-02-01,U.S. Bancorp,41.41896057128906
2017-03-01,U.S. Bancorp,38.78321075439453
2017-04-01,U.S. Bancorp,38.823768615722656
2017-05-01,U.S. Bancorp,38.52848815917969
2017-06-01,U.S. Bancorp,39.30830383300781
2017-07-01,U.S. Bancorp,40.17818069458008
2017-08-01,U.S. Bancorp,39.01350402832031
2017-09-01,U.S. Bancorp,40.79479598999024
2017-10-01,U.S. Bancorp,41.62679290771485
2017-11-01,U.S. Bancorp,42.21622085571289
2017-12-01,U.S. Bancorp,41.01441192626953
2018-01-01,U.S. Bancorp,43.98356246948242
2018-02-01,U.S. Bancorp,41.84365463256836
2018-03-01,U.S. Bancorp,38.872406005859375
2018-04-01,U.S. Bancorp,39.06900405883789
2018-05-01,U.S. Bancorp,38.71277618408203
2018-06-01,U.S. Bancorp,38.73599624633789
2018-07-01,U.S. Bancorp,41.30013275146485
2018-08-01,U.S. Bancorp,42.157135009765625
2018-09-01,U.S. Bancorp,41.14430618286133
2018-10-01,U.S. Bancorp,41.00660705566406
2018-11-01,U.S. Bancorp,42.72469711303711
2018-12-01,U.S. Bancorp,35.85234069824219
2019-01-01,U.S. Bancorp,40.4637565612793
2019-02-01,U.S. Bancorp,40.88294982910156
2019-03-01,U.S. Bancorp,38.11471176147461
2019-04-01,U.S. Bancorp,42.49887466430664
2019-05-01,U.S. Bancorp,40.01206588745117
2019-06-01,U.S. Bancorp,41.76558303833008
2019-07-01,U.S. Bancorp,45.87815475463867
2019-08-01,U.S. Bancorp,42.297813415527344
2019-09-01,U.S. Bancorp,44.42514801025391
2019-10-01,U.S. Bancorp,46.12239074707031
2019-11-01,U.S. Bancorp,48.5571174621582
2019-12-01,U.S. Bancorp,47.95855712890625
2020-01-01,U.S. Bancorp,43.35348129272461
2020-02-01,U.S. Bancorp,37.83043670654297
2020-03-01,U.S. Bancorp,28.063276290893555
2020-04-01,U.S. Bancorp,30.08648681640625
2020-05-01,U.S. Bancorp,29.311662673950195
2020-06-01,U.S. Bancorp,30.35025978088379
2020-07-01,U.S. Bancorp,30.72460174560547
2020-08-01,U.S. Bancorp,30.357650756835938
2020-09-01,U.S. Bancorp,29.898950576782227
2020-10-01,U.S. Bancorp,32.86672592163086
2020-11-01,U.S. Bancorp,36.46140670776367
2020-12-01,U.S. Bancorp,39.313514709472656
2021-01-01,U.S. Bancorp,36.48985290527344
2021-02-01,U.S. Bancorp,42.57859420776367
2021-03-01,U.S. Bancorp,47.10044097900391
2021-04-01,U.S. Bancorp,50.925479888916016
2021-05-01,U.S. Bancorp,52.152488708496094
2021-06-01,U.S. Bancorp,48.88331604003906
2021-07-01,U.S. Bancorp,48.00671005249024
2021-08-01,U.S. Bancorp,49.60577774047852
2021-09-01,U.S. Bancorp,51.377723693847656
2021-10-01,U.S. Bancorp,52.58190155029297
2021-11-01,U.S. Bancorp,48.200801849365234
2021-12-01,U.S. Bancorp,48.92373275756836
2022-01-01,U.S. Bancorp,51.098426818847656
2022-02-01,U.S. Bancorp,49.64950942993164
2022-03-01,U.S. Bancorp,46.672645568847656
2022-04-01,U.S. Bancorp,42.98976135253906
2022-05-01,U.S. Bancorp,46.982418060302734
2022-06-01,U.S. Bancorp,40.741119384765625
2022-07-01,U.S. Bancorp,42.19974136352539
2022-08-01,U.S. Bancorp,40.77819061279297
2022-09-01,U.S. Bancorp,36.04859924316406
2022-10-01,U.S. Bancorp,38.39793014526367
2022-11-01,U.S. Bancorp,41.05729293823242
2022-12-01,U.S. Bancorp,39.44720458984375
2023-01-01,U.S. Bancorp,45.55070114135742
2023-02-01,U.S. Bancorp,43.65732955932617
2023-03-01,U.S. Bancorp,32.97395324707031
2023-04-01,U.S. Bancorp,31.776084899902344
2023-05-01,U.S. Bancorp,27.71601676940918
2023-06-01,U.S. Bancorp,30.62666320800781
2023-07-01,U.S. Bancorp,37.336158752441406
2023-08-01,U.S. Bancorp,34.372215270996094
2023-09-01,U.S. Bancorp,31.1071891784668
2023-10-01,U.S. Bancorp,30.4462833404541
2023-11-01,U.S. Bancorp,36.40565490722656
2023-12-01,U.S. Bancorp,41.33359146118164
2013-01-01,CME Group Inc.,35.895774841308594
2013-02-01,CME Group Inc.,37.03147506713867
2013-03-01,CME Group Inc.,38.11132049560547
2013-04-01,CME Group Inc.,38.047813415527344
2013-05-01,CME Group Inc.,42.46775436401367
2013-06-01,CME Group Inc.,47.48160171508789
2013-07-01,CME Group Inc.,46.602787017822266
2013-08-01,CME Group Inc.,44.7464714050293
2013-09-01,CME Group Inc.,46.48952865600586
2013-10-01,CME Group Inc.,46.98535537719727
2013-11-01,CME Group Inc.,51.885860443115234
2013-12-01,CME Group Inc.,49.67620849609375
2014-01-01,CME Group Inc.,49.14152908325195
2014-02-01,CME Group Inc.,48.52363204956055
2014-03-01,CME Group Inc.,48.65507888793945
2014-04-01,CME Group Inc.,46.55533981323242
2014-05-01,CME Group Inc.,47.62018585205078
2014-06-01,CME Group Inc.,46.925724029541016
2014-07-01,CME Group Inc.,49.2361946105957
2014-08-01,CME Group Inc.,50.97417068481445
2014-09-01,CME Group Inc.,53.24485778808594
2014-10-01,CME Group Inc.,56.15378189086914
2014-11-01,CME Group Inc.,56.70989990234375
2014-12-01,CME Group Inc.,59.39666366577149
2015-01-01,CME Group Inc.,58.72309112548828
2015-02-01,CME Group Inc.,66.04109954833984
2015-03-01,CME Group Inc.,65.20123291015625
2015-04-01,CME Group Inc.,62.91007995605469
2015-05-01,CME Group Inc.,65.18675994873047
2015-06-01,CME Group Inc.,64.39787292480469
2015-07-01,CME Group Inc.,66.80819702148438
2015-08-01,CME Group Inc.,65.69518280029297
2015-09-01,CME Group Inc.,64.51261901855469
2015-10-01,CME Group Inc.,66.07345581054688
2015-11-01,CME Group Inc.,68.29759979248047
2015-12-01,CME Group Inc.,63.36676406860352
2016-01-01,CME Group Inc.,65.15491485595703
2016-02-01,CME Group Inc.,66.30789947509766
2016-03-01,CME Group Inc.,69.6508560180664
2016-04-01,CME Group Inc.,67.07878875732422
2016-05-01,CME Group Inc.,71.44319152832031
2016-06-01,CME Group Inc.,71.0855484008789
2016-07-01,CME Group Inc.,75.08702850341797
2016-08-01,CME Group Inc.,79.5743408203125
2016-09-01,CME Group Inc.,76.76153564453125
2016-10-01,CME Group Inc.,73.92723846435547
2016-11-01,CME Group Inc.,83.38786315917969
2016-12-01,CME Group Inc.,85.18988037109375
2017-01-01,CME Group Inc.,92.3615951538086
2017-02-01,CME Group Inc.,92.65147399902344
2017-03-01,CME Group Inc.,90.62240600585938
2017-04-01,CME Group Inc.,89.10743713378906
2017-05-01,CME Group Inc.,89.95100402832031
2017-06-01,CME Group Inc.,96.0479507446289
2017-07-01,CME Group Inc.,94.57112884521484
2017-08-01,CME Group Inc.,97.02373504638672
2017-09-01,CME Group Inc.,104.6436996459961
2017-10-01,CME Group Inc.,106.33939361572266
2017-11-01,CME Group Inc.,115.92906188964844
2017-12-01,CME Group Inc.,113.22349548339844
2018-01-01,CME Group Inc.,122.37562561035156
2018-02-01,CME Group Inc.,132.4858856201172
2018-03-01,CME Group Inc.,128.96163940429688
2018-04-01,CME Group Inc.,126.24866485595705
2018-05-01,CME Group Inc.,130.42808532714844
2018-06-01,CME Group Inc.,131.2448272705078
2018-07-01,CME Group Inc.,127.91759490966795
2018-08-01,CME Group Inc.,140.46652221679688
2018-09-01,CME Group Inc.,136.83290100097656
2018-10-01,CME Group Inc.,147.90455627441406
2018-11-01,CME Group Inc.,153.42555236816406
2018-12-01,CME Group Inc.,151.84349060058594
2019-01-01,CME Group Inc.,149.1077423095703
2019-02-01,CME Group Inc.,148.80506896972656
2019-03-01,CME Group Inc.,134.62889099121094
2019-04-01,CME Group Inc.,146.9754638671875
2019-05-01,CME Group Inc.,157.83641052246094
2019-06-01,CME Group Inc.,159.4712677001953
2019-07-01,CME Group Inc.,160.32449340820312
2019-08-01,CME Group Inc.,179.18382263183594
2019-09-01,CME Group Inc.,174.2772674560547
2019-10-01,CME Group Inc.,170.23992919921875
2019-11-01,CME Group Inc.,167.7411346435547
2019-12-01,CME Group Inc.,166.0780487060547
2020-01-01,CME Group Inc.,182.5399475097656
2020-02-01,CME Group Inc.,167.1622314453125
2020-03-01,CME Group Inc.,145.3778076171875
2020-04-01,CME Group Inc.,150.4251708984375
2020-05-01,CME Group Inc.,154.1306915283203
2020-06-01,CME Group Inc.,137.1982421875
2020-07-01,CME Group Inc.,140.8953399658203
2020-08-01,CME Group Inc.,149.1109619140625
2020-09-01,CME Group Inc.,141.8533935546875
2020-10-01,CME Group Inc.,128.44137573242188
2020-11-01,CME Group Inc.,149.157958984375
2020-12-01,CME Group Inc.,155.14031982421875
2021-01-01,CME Group Inc.,157.78466796875
2021-02-01,CME Group Inc.,173.37734985351562
2021-03-01,CME Group Inc.,177.31024169921875
2021-04-01,CME Group Inc.,176.10598754882812
2021-05-01,CME Group Inc.,190.7270050048828
2021-06-01,CME Group Inc.,185.4261169433593
2021-07-01,CME Group Inc.,185.71463012695312
2021-08-01,CME Group Inc.,176.60089111328125
2021-09-01,CME Group Inc.,169.2994384765625
2021-10-01,CME Group Inc.,193.9872131347656
2021-11-01,CME Group Inc.,193.9608154296875
2021-12-01,CME Group Inc.,200.9445343017578
2022-01-01,CME Group Inc.,205.5633850097656
2022-02-01,CME Group Inc.,211.86013793945312
2022-03-01,CME Group Inc.,213.0514068603516
2022-04-01,CME Group Inc.,197.3490753173828
2022-05-01,CME Group Inc.,178.8953857421875
2022-06-01,CME Group Inc.,184.1768798828125
2022-07-01,CME Group Inc.,180.3841094970703
2022-08-01,CME Group Inc.,176.88458251953125
2022-09-01,CME Group Inc.,160.17364501953125
2022-10-01,CME Group Inc.,157.4964141845703
2022-11-01,CME Group Inc.,160.40460205078125
2022-12-01,CME Group Inc.,152.82516479492188
2023-01-01,CME Group Inc.,165.77122497558594
2023-02-01,CME Group Inc.,173.9349822998047
2023-03-01,CME Group Inc.,179.7152862548828
2023-04-01,CME Group Inc.,175.38014221191406
2023-05-01,CME Group Inc.,168.7527618408203
2023-06-01,CME Group Inc.,174.92698669433594
2023-07-01,CME Group Inc.,188.97116088867188
2023-08-01,CME Group Inc.,192.5043792724609
2023-09-01,CME Group Inc.,190.1678771972656
2023-10-01,CME Group Inc.,203.8441619873047
2023-11-01,CME Group Inc.,208.5234222412109
2023-12-01,CME Group Inc.,201.1129913330078
2013-01-01,"Intercontinental Exchange, Inc.",24.095577239990234
2013-02-01,"Intercontinental Exchange, Inc.",26.88632583618164
2013-03-01,"Intercontinental Exchange, Inc.",28.31904983520508
2013-04-01,"Intercontinental Exchange, Inc.",28.294723510742188
2013-05-01,"Intercontinental Exchange, Inc.",29.73264503479004
2013-06-01,"Intercontinental Exchange, Inc.",30.87012481689453
2013-07-01,"Intercontinental Exchange, Inc.",31.68461036682129
2013-08-01,"Intercontinental Exchange, Inc.",31.21572494506836
2013-09-01,"Intercontinental Exchange, Inc.",31.5057373046875
2013-10-01,"Intercontinental Exchange, Inc.",33.4698600769043
2013-11-01,"Intercontinental Exchange, Inc.",37.04033279418945
2013-12-01,"Intercontinental Exchange, Inc.",39.060035705566406
2014-01-01,"Intercontinental Exchange, Inc.",36.36705017089844
2014-02-01,"Intercontinental Exchange, Inc.",36.375755310058594
2014-03-01,"Intercontinental Exchange, Inc.",34.45802688598633
2014-04-01,"Intercontinental Exchange, Inc.",35.72037506103516
2014-05-01,"Intercontinental Exchange, Inc.",34.31559753417969
2014-06-01,"Intercontinental Exchange, Inc.",33.00516891479492
2014-07-01,"Intercontinental Exchange, Inc.",33.70158004760742
2014-08-01,"Intercontinental Exchange, Inc.",33.13702774047852
2014-09-01,"Intercontinental Exchange, Inc.",34.197750091552734
2014-10-01,"Intercontinental Exchange, Inc.",36.64422607421875
2014-11-01,"Intercontinental Exchange, Inc.",39.75817489624024
2014-12-01,"Intercontinental Exchange, Inc.",38.5794563293457
2015-01-01,"Intercontinental Exchange, Inc.",36.29851531982422
2015-02-01,"Intercontinental Exchange, Inc.",41.52635955810547
2015-03-01,"Intercontinental Exchange, Inc.",41.15760040283203
2015-04-01,"Intercontinental Exchange, Inc.",39.7274284362793
2015-05-01,"Intercontinental Exchange, Inc.",41.8948974609375
2015-06-01,"Intercontinental Exchange, Inc.",39.56466293334961
2015-07-01,"Intercontinental Exchange, Inc.",40.47391891479492
2015-08-01,"Intercontinental Exchange, Inc.",40.53959655761719
2015-09-01,"Intercontinental Exchange, Inc.",41.70744705200195
2015-10-01,"Intercontinental Exchange, Inc.",44.94015884399414
2015-11-01,"Intercontinental Exchange, Inc.",46.26486587524414
2015-12-01,"Intercontinental Exchange, Inc.",45.62743377685547
2016-01-01,"Intercontinental Exchange, Inc.",47.11479187011719
2016-02-01,"Intercontinental Exchange, Inc.",42.58907318115234
2016-03-01,"Intercontinental Exchange, Inc.",41.99611282348633
2016-04-01,"Intercontinental Exchange, Inc.",43.02444076538086
2016-05-01,"Intercontinental Exchange, Inc.",48.59718704223633
2016-06-01,"Intercontinental Exchange, Inc.",45.87981796264648
2016-07-01,"Intercontinental Exchange, Inc.",47.51180267333984
2016-08-01,"Intercontinental Exchange, Inc.",50.716426849365234
2016-09-01,"Intercontinental Exchange, Inc.",48.43975067138672
2016-10-01,"Intercontinental Exchange, Inc.",48.77215194702149
2016-11-01,"Intercontinental Exchange, Inc.",49.964454650878906
2016-12-01,"Intercontinental Exchange, Inc.",50.88436508178711
2017-01-01,"Intercontinental Exchange, Inc.",52.78462219238281
2017-02-01,"Intercontinental Exchange, Inc.",51.67212677001953
2017-03-01,"Intercontinental Exchange, Inc.",54.15036010742188
2017-04-01,"Intercontinental Exchange, Inc.",54.62973403930664
2017-05-01,"Intercontinental Exchange, Inc.",54.62065505981445
2017-06-01,"Intercontinental Exchange, Inc.",59.82046127319336
2017-07-01,"Intercontinental Exchange, Inc.",60.725772857666016
2017-08-01,"Intercontinental Exchange, Inc.",58.8687629699707
2017-09-01,"Intercontinental Exchange, Inc.",62.537254333496094
2017-10-01,"Intercontinental Exchange, Inc.",60.35275268554688
2017-11-01,"Intercontinental Exchange, Inc.",65.23759460449219
2017-12-01,"Intercontinental Exchange, Inc.",64.42499542236328
2018-01-01,"Intercontinental Exchange, Inc.",67.60973358154297
2018-02-01,"Intercontinental Exchange, Inc.",66.91385650634766
2018-03-01,"Intercontinental Exchange, Inc.",66.40109252929688
2018-04-01,"Intercontinental Exchange, Inc.",66.55897521972656
2018-05-01,"Intercontinental Exchange, Inc.",65.11685180664062
2018-06-01,"Intercontinental Exchange, Inc.",67.5602035522461
2018-07-01,"Intercontinental Exchange, Inc.",68.1075668334961
2018-08-01,"Intercontinental Exchange, Inc.",70.24542236328125
2018-09-01,"Intercontinental Exchange, Inc.",69.01063537597656
2018-10-01,"Intercontinental Exchange, Inc.",71.21063995361328
2018-11-01,"Intercontinental Exchange, Inc.",75.5365219116211
2018-12-01,"Intercontinental Exchange, Inc.",69.63002014160156
2019-01-01,"Intercontinental Exchange, Inc.",71.17080688476562
2019-02-01,"Intercontinental Exchange, Inc.",71.53241729736328
2019-03-01,"Intercontinental Exchange, Inc.",70.59596252441406
2019-04-01,"Intercontinental Exchange, Inc.",75.70774841308594
2019-05-01,"Intercontinental Exchange, Inc.",76.50811767578125
2019-06-01,"Intercontinental Exchange, Inc.",79.97940063476562
2019-07-01,"Intercontinental Exchange, Inc.",82.03013610839844
2019-08-01,"Intercontinental Exchange, Inc.",87.2772216796875
2019-09-01,"Intercontinental Exchange, Inc.",86.14752960205078
2019-10-01,"Intercontinental Exchange, Inc.",88.33049774169922
2019-11-01,"Intercontinental Exchange, Inc.",88.19000244140625
2019-12-01,"Intercontinental Exchange, Inc.",86.67288208007812
2020-01-01,"Intercontinental Exchange, Inc.",93.6903076171875
2020-02-01,"Intercontinental Exchange, Inc.",83.80841064453125
2020-03-01,"Intercontinental Exchange, Inc.",75.85215759277344
2020-04-01,"Intercontinental Exchange, Inc.",84.32880401611328
2020-05-01,"Intercontinental Exchange, Inc.",91.68224334716795
2020-06-01,"Intercontinental Exchange, Inc.",86.35572814941406
2020-07-01,"Intercontinental Exchange, Inc.",91.5335922241211
2020-08-01,"Intercontinental Exchange, Inc.",100.4713134765625
2020-09-01,"Intercontinental Exchange, Inc.",94.6263427734375
2020-10-01,"Intercontinental Exchange, Inc.",89.550048828125
2020-11-01,"Intercontinental Exchange, Inc.",100.08924102783205
2020-12-01,"Intercontinental Exchange, Inc.",109.36676788330078
2021-01-01,"Intercontinental Exchange, Inc.",104.9729461669922
2021-02-01,"Intercontinental Exchange, Inc.",104.93489074707033
2021-03-01,"Intercontinental Exchange, Inc.",106.23814392089844
2021-04-01,"Intercontinental Exchange, Inc.",112.29473114013672
2021-05-01,"Intercontinental Exchange, Inc.",107.68693542480467
2021-06-01,"Intercontinental Exchange, Inc.",113.23918151855467
2021-07-01,"Intercontinental Exchange, Inc.",114.64954376220705
2021-08-01,"Intercontinental Exchange, Inc.",114.36251831054688
2021-09-01,"Intercontinental Exchange, Inc.",109.85614013671876
2021-10-01,"Intercontinental Exchange, Inc.",132.84173583984375
2021-11-01,"Intercontinental Exchange, Inc.",125.41580200195312
2021-12-01,"Intercontinental Exchange, Inc.",131.22032165527344
2022-01-01,"Intercontinental Exchange, Inc.",121.81803894042967
2022-02-01,"Intercontinental Exchange, Inc.",123.22222137451172
2022-03-01,"Intercontinental Exchange, Inc.",127.0693130493164
2022-04-01,"Intercontinental Exchange, Inc.",111.70868682861328
2022-05-01,"Intercontinental Exchange, Inc.",98.76396942138672
2022-06-01,"Intercontinental Exchange, Inc.",90.70965576171876
2022-07-01,"Intercontinental Exchange, Inc.",98.76575469970705
2022-08-01,"Intercontinental Exchange, Inc.",97.66179656982422
2022-09-01,"Intercontinental Exchange, Inc.",87.49372863769531
2022-10-01,"Intercontinental Exchange, Inc.",92.9022445678711
2022-11-01,"Intercontinental Exchange, Inc.",105.28661346435548
2022-12-01,"Intercontinental Exchange, Inc.",99.72628021240234
2023-01-01,"Intercontinental Exchange, Inc.",104.92261505126952
2023-02-01,"Intercontinental Exchange, Inc.",99.3130874633789
2023-03-01,"Intercontinental Exchange, Inc.",101.74225616455078
2023-04-01,"Intercontinental Exchange, Inc.",106.7285614013672
2023-05-01,"Intercontinental Exchange, Inc.",103.80878448486328
2023-06-01,"Intercontinental Exchange, Inc.",110.79468536376952
2023-07-01,"Intercontinental Exchange, Inc.",112.91505432128906
2023-08-01,"Intercontinental Exchange, Inc.",116.05268096923828
2023-09-01,"Intercontinental Exchange, Inc.",108.21354675292967
2023-10-01,"Intercontinental Exchange, Inc.",106.057373046875
2023-11-01,"Intercontinental Exchange, Inc.",112.37501525878906
2023-12-01,"Intercontinental Exchange, Inc.",126.7772445678711
2013-01-01,Moody's Corporation,48.053977966308594
2013-02-01,Moody's Corporation,42.12832260131836
2013-03-01,Moody's Corporation,46.940223693847656
2013-04-01,Moody's Corporation,53.56928253173828
2013-05-01,Moody's Corporation,58.490421295166016
2013-06-01,Moody's Corporation,53.799407958984375
2013-07-01,Moody's Corporation,59.83893585205078
2013-08-01,Moody's Corporation,56.121620178222656
2013-09-01,Moody's Corporation,62.3415412902832
2013-10-01,Moody's Corporation,62.634037017822266
2013-11-01,Moody's Corporation,66.15312194824219
2013-12-01,Moody's Corporation,69.78943634033203
2014-01-01,Moody's Corporation,66.3297348022461
2014-02-01,Moody's Corporation,70.26078033447266
2014-03-01,Moody's Corporation,70.79464721679688
2014-04-01,Moody's Corporation,70.0627670288086
2014-05-01,Moody's Corporation,76.34611511230469
2014-06-01,Moody's Corporation,78.50941467285156
2014-07-01,Moody's Corporation,77.91829681396484
2014-08-01,Moody's Corporation,83.8024673461914
2014-09-01,Moody's Corporation,84.89555358886719
2014-10-01,Moody's Corporation,89.14488983154297
2014-11-01,Moody's Corporation,90.7439193725586
2014-12-01,Moody's Corporation,86.31281280517578
2015-01-01,Moody's Corporation,82.2768783569336
2015-02-01,Moody's Corporation,87.33078002929688
2015-03-01,Moody's Corporation,93.83607482910156
2015-04-01,Moody's Corporation,97.19898986816406
2015-05-01,Moody's Corporation,97.72331237792967
2015-06-01,Moody's Corporation,97.89938354492188
2015-07-01,Moody's Corporation,100.13922882080078
2015-08-01,Moody's Corporation,92.77591705322266
2015-09-01,Moody's Corporation,89.32182312011719
2015-10-01,Moody's Corporation,87.46625518798828
2015-11-01,Moody's Corporation,93.7970199584961
2015-12-01,Moody's Corporation,91.57599639892578
2016-01-01,Moody's Corporation,81.354248046875
2016-02-01,Moody's Corporation,81.04393005371094
2016-03-01,Moody's Corporation,88.51734161376953
2016-04-01,Moody's Corporation,87.74734497070312
2016-05-01,Moody's Corporation,90.42411041259766
2016-06-01,Moody's Corporation,86.24532318115234
2016-07-01,Moody's Corporation,97.5655288696289
2016-08-01,Moody's Corporation,100.03204345703124
2016-09-01,Moody's Corporation,100.010009765625
2016-10-01,Moody's Corporation,92.84266662597656
2016-11-01,Moody's Corporation,92.82421875
2016-12-01,Moody's Corporation,87.39771270751953
2017-01-01,Moody's Corporation,96.11245727539062
2017-02-01,Moody's Corporation,103.25116729736328
2017-03-01,Moody's Corporation,104.23480224609376
2017-04-01,Moody's Corporation,110.07733917236328
2017-05-01,Moody's Corporation,110.19824981689452
2017-06-01,Moody's Corporation,113.58538818359376
2017-07-01,Moody's Corporation,122.87346649169922
2017-08-01,Moody's Corporation,125.11380004882812
2017-09-01,Moody's Corporation,130.3295440673828
2017-10-01,Moody's Corporation,133.32542419433594
2017-11-01,Moody's Corporation,142.13516235351562
2017-12-01,Moody's Corporation,138.5524139404297
2018-01-01,Moody's Corporation,151.86221313476562
2018-02-01,Moody's Corporation,156.63992309570312
2018-03-01,Moody's Corporation,151.80233764648438
2018-04-01,Moody's Corporation,152.64932250976562
2018-05-01,Moody's Corporation,160.52645874023438
2018-06-01,Moody's Corporation,160.92984008789062
2018-07-01,Moody's Corporation,161.45823669433594
2018-08-01,Moody's Corporation,167.96865844726562
2018-09-01,Moody's Corporation,158.16517639160156
2018-10-01,Moody's Corporation,137.61883544921875
2018-11-01,Moody's Corporation,150.4744873046875
2018-12-01,Moody's Corporation,132.86727905273438
2019-01-01,Moody's Corporation,150.39125061035156
2019-02-01,Moody's Corporation,164.2529754638672
2019-03-01,Moody's Corporation,172.3197784423828
2019-04-01,Moody's Corporation,187.09768676757807
2019-05-01,Moody's Corporation,174.02313232421875
2019-06-01,Moody's Corporation,186.3433990478516
2019-07-01,Moody's Corporation,204.49978637695312
2019-08-01,Moody's Corporation,205.6828155517578
2019-09-01,Moody's Corporation,195.8833770751953
2019-10-01,Moody's Corporation,211.05067443847656
2019-11-01,Moody's Corporation,216.76947021484372
2019-12-01,Moody's Corporation,227.5485992431641
2020-01-01,Moody's Corporation,246.12356567382807
2020-02-01,Moody's Corporation,230.0597076416016
2020-03-01,Moody's Corporation,203.13330078125
2020-04-01,Moody's Corporation,234.2516021728516
2020-05-01,Moody's Corporation,256.83154296875
2020-06-01,Moody's Corporation,264.4319763183594
2020-07-01,Moody's Corporation,270.755615234375
2020-08-01,Moody's Corporation,283.5956420898437
2020-09-01,Moody's Corporation,279.5334777832031
2020-10-01,Moody's Corporation,253.5426788330078
2020-11-01,Moody's Corporation,272.290771484375
2020-12-01,Moody's Corporation,280.4825744628906
2021-01-01,Moody's Corporation,257.3087463378906
2021-02-01,Moody's Corporation,265.648681640625
2021-03-01,Moody's Corporation,289.2207946777344
2021-04-01,Moody's Corporation,316.4372863769531
2021-05-01,Moody's Corporation,324.8056030273437
2021-06-01,Moody's Corporation,351.6492919921875
2021-07-01,Moody's Corporation,364.87603759765625
2021-08-01,Moody's Corporation,369.50494384765625
2021-09-01,Moody's Corporation,345.17645263671875
2021-10-01,Moody's Corporation,392.8446044921875
2021-11-01,Moody's Corporation,379.7126159667969
2021-12-01,Moody's Corporation,380.2627258300781
2022-01-01,Moody's Corporation,333.9396057128906
2022-02-01,Moody's Corporation,313.5235290527344
2022-03-01,Moody's Corporation,329.219970703125
2022-04-01,Moody's Corporation,308.7979736328125
2022-05-01,Moody's Corporation,294.2498474121094
2022-06-01,Moody's Corporation,266.031982421875
2022-07-01,Moody's Corporation,303.47625732421875
2022-08-01,Moody's Corporation,278.3080139160156
2022-09-01,Moody's Corporation,238.3209228515625
2022-10-01,Moody's Corporation,259.6522827148437
2022-11-01,Moody's Corporation,292.3943176269531
2022-12-01,Moody's Corporation,273.78790283203125
2023-01-01,Moody's Corporation,317.152587890625
2023-02-01,Moody's Corporation,285.1178894042969
2023-03-01,Moody's Corporation,301.5012512207031
2023-04-01,Moody's Corporation,308.49639892578125
2023-05-01,Moody's Corporation,312.20086669921875
2023-06-01,Moody's Corporation,343.4399719238281
2023-07-01,Moody's Corporation,348.4080505371094
2023-08-01,Moody's Corporation,332.65435791015625
2023-09-01,Moody's Corporation,313.0052185058594
2023-10-01,Moody's Corporation,304.91705322265625
2023-11-01,Moody's Corporation,361.3068237304688
2023-12-01,Moody's Corporation,387.470703125
2016-01-01,Amplify Alternative Harvest ETF,16.271272659301758
2016-02-01,Amplify Alternative Harvest ETF,17.85150146484375
2016-03-01,Amplify Alternative Harvest ETF,20.788532257080078
2016-04-01,Amplify Alternative Harvest ETF,22.17936134338379
2016-05-01,Amplify Alternative Harvest ETF,20.400875091552734
2016-06-01,Amplify Alternative Harvest ETF,21.602317810058594
2016-07-01,Amplify Alternative Harvest ETF,23.081928253173828
2016-08-01,Amplify Alternative Harvest ETF,23.013120651245117
2016-09-01,Amplify Alternative Harvest ETF,22.464191436767578
2016-10-01,Amplify Alternative Harvest ETF,23.466625213623047
2016-11-01,Amplify Alternative Harvest ETF,20.500003814697266
2016-12-01,Amplify Alternative Harvest ETF,17.903291702270508
2017-01-01,Amplify Alternative Harvest ETF,19.160959243774414
2017-02-01,Amplify Alternative Harvest ETF,20.344646453857422
2017-03-01,Amplify Alternative Harvest ETF,21.188024520874023
2017-04-01,Amplify Alternative Harvest ETF,21.639307022094727
2017-05-01,Amplify Alternative Harvest ETF,21.682952880859375
2017-06-01,Amplify Alternative Harvest ETF,21.927831649780273
2017-07-01,Amplify Alternative Harvest ETF,23.1781005859375
2017-08-01,Amplify Alternative Harvest ETF,23.086454391479492
2017-09-01,Amplify Alternative Harvest ETF,23.51239585876465
2017-10-01,Amplify Alternative Harvest ETF,22.065593719482422
2017-11-01,Amplify Alternative Harvest ETF,21.776226043701172
2017-12-01,Amplify Alternative Harvest ETF,24.610124588012695
2018-01-01,Amplify Alternative Harvest ETF,26.521814346313477
2018-02-01,Amplify Alternative Harvest ETF,24.028305053710938
2018-03-01,Amplify Alternative Harvest ETF,22.305524826049805
2018-04-01,Amplify Alternative Harvest ETF,21.716358184814453
2018-05-01,Amplify Alternative Harvest ETF,22.556255340576172
2018-06-01,Amplify Alternative Harvest ETF,22.246023178100586
2018-07-01,Amplify Alternative Harvest ETF,20.43220329284668
2018-08-01,Amplify Alternative Harvest ETF,25.392364501953125
2018-09-01,Amplify Alternative Harvest ETF,30.375263214111328
2018-10-01,Amplify Alternative Harvest ETF,23.55660629272461
2018-11-01,Amplify Alternative Harvest ETF,22.296001434326172
2018-12-01,Amplify Alternative Harvest ETF,18.939453125
2019-01-01,Amplify Alternative Harvest ETF,27.138233184814453
2019-02-01,Amplify Alternative Harvest ETF,28.62790870666504
2019-03-01,Amplify Alternative Harvest ETF,28.072181701660156
2019-04-01,Amplify Alternative Harvest ETF,27.613597869873047
2019-05-01,Amplify Alternative Harvest ETF,23.981861114501953
2019-06-01,Amplify Alternative Harvest ETF,24.531654357910156
2019-07-01,Amplify Alternative Harvest ETF,21.868135452270508
2019-08-01,Amplify Alternative Harvest ETF,18.69850730895996
2019-09-01,Amplify Alternative Harvest ETF,16.167469024658203
2019-10-01,Amplify Alternative Harvest ETF,15.28200626373291
2019-11-01,Amplify Alternative Harvest ETF,13.60327434539795
2019-12-01,Amplify Alternative Harvest ETF,13.492935180664062
2020-01-01,Amplify Alternative Harvest ETF,13.290480613708496
2020-02-01,Amplify Alternative Harvest ETF,11.177181243896484
2020-03-01,Amplify Alternative Harvest ETF,9.160304069519043
2020-04-01,Amplify Alternative Harvest ETF,9.793295860290527
2020-05-01,Amplify Alternative Harvest ETF,11.173776626586914
2020-06-01,Amplify Alternative Harvest ETF,10.451054573059082
2020-07-01,Amplify Alternative Harvest ETF,10.726323127746582
2020-08-01,Amplify Alternative Harvest ETF,10.469356536865234
2020-09-01,Amplify Alternative Harvest ETF,8.62913703918457
2020-10-01,Amplify Alternative Harvest ETF,9.027653694152832
2020-11-01,Amplify Alternative Harvest ETF,13.330946922302246
2020-12-01,Amplify Alternative Harvest ETF,12.084592819213867
2021-01-01,Amplify Alternative Harvest ETF,16.149490356445312
2021-02-01,Amplify Alternative Harvest ETF,19.12506866455078
2021-03-01,Amplify Alternative Harvest ETF,19.413299560546875
2021-04-01,Amplify Alternative Harvest ETF,18.140207290649414
2021-05-01,Amplify Alternative Harvest ETF,18.309904098510742
2021-06-01,Amplify Alternative Harvest ETF,17.461435317993164
2021-07-01,Amplify Alternative Harvest ETF,15.283581733703613
2021-08-01,Amplify Alternative Harvest ETF,14.219860076904297
2021-09-01,Amplify Alternative Harvest ETF,12.245588302612305
2021-10-01,Amplify Alternative Harvest ETF,11.51025104522705
2021-11-01,Amplify Alternative Harvest ETF,10.305391311645508
2021-12-01,Amplify Alternative Harvest ETF,9.467970848083496
2022-01-01,Amplify Alternative Harvest ETF,8.63431453704834
2022-02-01,Amplify Alternative Harvest ETF,8.273118019104004
2022-03-01,Amplify Alternative Harvest ETF,8.918110847473145
2022-04-01,Amplify Alternative Harvest ETF,7.008930206298828
2022-05-01,Amplify Alternative Harvest ETF,6.2005391120910645
2022-06-01,Amplify Alternative Harvest ETF,4.987951278686523
2022-07-01,Amplify Alternative Harvest ETF,5.1498613357543945
2022-08-01,Amplify Alternative Harvest ETF,5.115065097808838
2022-09-01,Amplify Alternative Harvest ETF,3.992882251739502
2022-10-01,Amplify Alternative Harvest ETF,4.9003424644470215
2022-11-01,Amplify Alternative Harvest ETF,5.075667381286621
2022-12-01,Amplify Alternative Harvest ETF,3.7344284057617188
2023-01-01,Amplify Alternative Harvest ETF,4.079833507537842
2023-02-01,Amplify Alternative Harvest ETF,3.6166205406188965
2023-03-01,Amplify Alternative Harvest ETF,3.135592222213745
2023-04-01,Amplify Alternative Harvest ETF,2.9574332237243652
2023-05-01,Amplify Alternative Harvest ETF,2.6812875270843506
2023-06-01,Amplify Alternative Harvest ETF,2.6634716987609863
2023-07-01,Amplify Alternative Harvest ETF,2.968916416168213
2023-08-01,Amplify Alternative Harvest ETF,3.166843891143799
2023-09-01,Amplify Alternative Harvest ETF,3.283801317214966
2023-10-01,Amplify Alternative Harvest ETF,2.6108334064483643
2023-11-01,Amplify Alternative Harvest ETF,2.8193373680114746
2023-12-01,Amplify Alternative Harvest ETF,2.928122043609619
